{
   "info" : {
      "Configuration" : "5.8.15",
      "Model" : 57,
      "Name" : "АТОЛ 25Ф",
      "Serial" : "00105703737677",
      "Version" : "5.8.1"
   },
   "params" : {
      "1000" : "82.202.183.18",
      "1001" : 21701,
      "1002" : "31.44.83.188",
      "1003" : 3110,
      "1004" : 2,
      "1005" : 10,
      "1006" : 10,
      "1007" : 1,
      "1008" : 10,
      "1009" : "",
      "1010" : "",
      "1011" : "",
      "1012" : "",
      "1013" : "",
      "12" : 5,
      "16" : 0,
      "182" : "СИС. АДМИНИСТРАТОР",
      "183" : "",
      "184" : "¶1,left¶",
      "185" : "",
      "186" : "",
      "187" : "",
      "188" : "",
      "189" : "",
      "190" : "",
      "191" : "",
      "192" : "",
      "193" : "",
      "236" : 115200,
      "244" : "",
      "245" : "",
      "246" : "",
      "247" : "",
      "248" : "",
      "253" : 2,
      "254" : 2,
      "255" : 2,
      "256" : 2,
      "257" : 2,
      "268" : 1,
      "269" : "ATOLCCT",
      "270" : "12345678",
      "271" : 5,
      "272" : 4,
      "273" : "f1test.taxcom.ru",
      "274" : 7902,
      "276" : 1,
      "278" : "ks.atol.ru",
      "279" : 80,
      "281" : 0,
      "283" : 0,
      "284" : "0.0.0.0",
      "285" : 1,
      "286" : 0,
      "292" : 1,
      "293" : 0,
      "294" : 0,
      "295" : 0,
      "296" : 0,
      "297" : 0,
      "298" : 0,
      "299" : 0,
      "300" : 1,
      "322" : 0,
      "325" : 0,
      "326" : "0.0.0.0",
      "327" : "0.0.0.0",
      "328" : "0.0.0.0",
      "329" : 5555,
      "331" : 0,
      "347" : 1,
      "348" : 255,
      "349" : 0,
      "350" : 1,
      "37" : 0,
      "371" : 0,
      "372" : 0,
      "373" : 0,
      "378" : 0,
      "39" : 1,
      "4" : 0,
      "46" : 1,
      "49" : 0,
      "50" : 1,
      "55" : 1,
      "56" : 1,
      "57" : 0,
      "58" : 0,
      "62" : 0,
      "65" : 0,
      "71" : "0.0.0.0",
      "72" : "0.0.0.0",
      "73" : "0.0.0.0",
      "74" : 5555,
      "76" : 2,
      "8" : 65,
      "9" : 1
   }
}
